,Modulus of elasticity - inner (GPa),Modulus of elasticity - Outer (GPa),Axial load (kN),Friction Coefficient,Total number of snaking,Global snaking length (m),Maximum snaking amplitude (m),,,,
0,0.1,0.07,6,0.01,8,17.33,0.794297,,,,
1,0.1,0.07,8,0.01,7,31.82,1.7993,,,,
2,0.1,0.07,10,0.01,11,33.88,2.26721,,,,Inputs
3,0.1,0.07,12,0.01,10,40.09,4.42073,,,,Outputs
4,0.1,0.07,14,0.01,12,42.01,2.53574,,,,
5,0.1,0.07,6,5,7,14.87,1.55118,,,,
6,0.1,0.07,8,5,13,31.36,1.77441,,,,
7,0.1,0.07,10,5,10,34.87,2.90338,,,,
8,0.1,0.07,12,5,9,39.86,2.56268,,,,
9,0.1,0.07,14,5,8,42.86,3.87805,,,,
10,0.1,0.07,6,10,8,18.76,0.969158,,,,
11,0.1,0.07,8,10,10,30.44,1.71453,,,,
12,0.1,0.07,10,10,9,33.4,4.12783,,,,
13,0.1,0.07,12,10,10,37.18,3.70636,,,,
14,0.1,0.07,14,10,10,43,4.05813,,,,
15,0.1,0.07,6,15,9,18.81,0.911756,,,,
16,0.1,0.07,8,15,7,26.16,2.12521,,,,
17,0.1,0.07,10,15,9,37.18,2.85054,,,,
18,0.1,0.07,12,15,8,34.77,4.51413,,,,
19,0.1,0.07,14,15,10,41.74,5.89991,,,,
20,0.1,0.07,6,20,9,19.78,0.874445,,,,
21,0.1,0.07,8,20,8,26.22,2.05509,,,,
22,0.1,0.07,10,20,9,35.51,3.26554,,,,
23,0.1,0.07,12,20,9,39.83,2.67777,,,,
24,0.1,0.07,14,20,12,44.76,4.79973,,,,
25,0.1,0.07,6,25,7,14.88,1.46825,,,,
26,0.1,0.07,8,25,9,31.73,2.11175,,,,
27,0.1,0.07,10,25,10,36.3,3.45105,,,,
28,0.1,0.07,12,25,11,39.94,2.46472,,,,
29,0.1,0.07,14,25,7,39.81,6.02328,,,,
30,0.1,0.07,6,30,7,14.82,1.07932,,,,
31,0.1,0.07,8,30,9,27.46,2.59611,,,,
32,0.1,0.07,10,30,9,37.13,1.99154,,,,
33,0.1,0.07,12,30,9,38.17,3.84714,,,,
34,0.1,0.07,14,30,11,45.23,1.99114,,,,
35,0.1,0.07,6,35,7,14.39,1.39168,,,,
36,0.1,0.07,8,35,12,31.96,2.37668,,,,
37,0.1,0.07,10,35,9,35.04,1.6432,,,,
38,0.1,0.07,12,35,13,39.41,1.65566,,,,
39,0.1,0.07,14,35,9,44.47,3.60543,,,,
40,0.1,0.07,6,40,9,19.81,0.896268,,,,
41,0.1,0.07,8,40,10,30.83,1.87697,,,,
42,0.1,0.07,10,40,12,36.33,2.13852,,,,
43,0.1,0.07,12,40,8,40.88,2.71735,,,,
44,0.1,0.07,14,40,8,43.6,2.75083,,,,
45,0.1,0.07,6,45,8,18.35,1.60057,,,,
46,0.1,0.07,8,45,7,30.81,1.85849,,,,
47,0.1,0.07,10,45,10,31.37,2.51309,,,,
48,0.1,0.07,12,45,10,37.65,4.58378,,,,
49,0.1,0.07,14,45,8,43.59,4.0319,,,,
50,0.1,0.08,6,0.01,7,15.39,1.5279,,,,
51,0.1,0.08,8,0.01,11,30.46,1.44665,,,,
52,0.1,0.08,10,0.01,10,34.38,3.81965,,,,
53,0.1,0.08,12,0.01,9,35.93,2.29383,,,,
54,0.1,0.08,14,0.01,13,43.1,2.95399,,,,
55,0.1,0.08,6,5,7,14.37,1.28279,,,,
56,0.1,0.08,8,5,8,26.08,1.97337,,,,
57,0.1,0.08,10,5,12,36.33,2.2376,,,,
58,0.1,0.08,12,5,11,40.71,1.90102,,,,
59,0.1,0.08,14,5,10,45.24,3.4888,,,,
60,0.1,0.08,6,10,7,14.88,1.47667,,,,
61,0.1,0.08,8,10,10,30.59,1.81608,,,,
62,0.1,0.08,10,10,12,36.43,2.10422,,,,
63,0.1,0.08,12,10,10,37.19,2.74042,,,,
64,0.1,0.08,14,10,8,43.48,2.69946,,,,
65,0.1,0.08,6,15,6,12.37,1.32445,,,,
66,0.1,0.08,8,15,9,26.59,2.2632,,,,
67,0.1,0.08,10,15,11,34.91,2.26512,,,,
68,0.1,0.08,12,15,9,40.75,2.40859,,,,
69,0.1,0.08,14,15,10,42.98,4.01736,,,,
70,0.1,0.08,6,20,8,16.78,0.689971,,,,
71,0.1,0.08,8,20,8,28.72,1.78791,,,,
72,0.1,0.08,10,20,8,36.48,3.47594,,,,
73,0.1,0.08,12,20,10,36.91,1.70396,,,,
74,0.1,0.08,14,20,11,43.95,6.02162,,,,
75,0.1,0.08,6,25,7,14.35,1.19013,,,,
76,0.1,0.08,8,25,9,28.68,1.77564,,,,
77,0.1,0.08,10,25,8,34.93,2.72667,,,,
78,0.1,0.08,12,25,10,39.16,2.87465,,,,
79,0.1,0.08,14,25,9,46.15,5.3526,,,,
80,0.1,0.08,6,30,7,14.85,1.10648,,,,
81,0.1,0.08,8,30,8,32.75,2.20988,,,,
82,0.1,0.08,10,30,9,35.94,2.88278,,,,
83,0.1,0.08,12,30,11,40.26,3.28009,,,,
84,0.1,0.08,14,30,10,43.95,2.8937,,,,
85,0.1,0.08,6,35,7,14.32,1.06186,,,,
86,0.1,0.08,8,35,9,29.68,1.88463,,,,
87,0.1,0.08,10,35,8,35.29,3.33633,,,,
88,0.1,0.08,12,35,11,40.87,2.3023,,,,
89,0.1,0.08,14,35,8,43.59,3.05252,,,,
90,0.1,0.08,6,40,6,11.9,1.03118,,,,
91,0.1,0.08,8,40,7,27.53,2.20153,,,,
92,0.1,0.08,10,40,9,37.58,2.78537,,,,
93,0.1,0.08,12,40,9,40.6,2.21357,,,,
94,0.1,0.08,14,40,10,45.82,1.5204,,,,
95,0.1,0.08,6,45,7,14.87,1.53505,,,,
96,0.1,0.08,8,45,9,28.56,2.22217,,,,
97,0.1,0.08,10,45,9,32.85,2.49986,,,,
98,0.1,0.08,12,45,9,41.72,3.52534,,,,
99,0.1,0.08,14,45,10,46.64,4.80796,,,,
100,0.1,0.09,6,0.01,6,11.88,1.00792,,,,
101,0.1,0.09,8,0.01,8,32.77,2.26524,,,,
102,0.1,0.09,10,0.01,8,32.02,2.21735,,,,
103,0.1,0.09,12,0.01,8,40.48,2.47161,,,,
104,0.1,0.09,14,0.01,9,43.94,3.30757,,,,
105,0.1,0.09,6,5,6,12.85,1.20058,,,,
106,0.1,0.09,8,5,8,27.54,1.85571,,,,
107,0.1,0.09,10,5,9,35.46,2.91884,,,,
108,0.1,0.09,12,5,11,41.52,3.85066,,,,
109,0.1,0.09,14,5,12,44.27,4.04835,,,,
110,0.1,0.09,6,10,7,14.86,1.40639,,,,
111,0.1,0.09,8,10,7,25.79,1.93754,,,,
112,0.1,0.09,10,10,10,36.88,2.23081,,,,
113,0.1,0.09,12,10,10,39.74,3.04518,,,,
114,0.1,0.09,14,10,9,43.61,2.50044,,,,
115,0.1,0.09,6,15,7,15.34,1.10822,,,,
116,0.1,0.09,8,15,9,28.55,1.63893,,,,
117,0.1,0.09,10,15,9,36.01,2.37413,,,,
118,0.1,0.09,12,15,10,42.28,3.44761,,,,
119,0.1,0.09,14,15,12,44.27,4.67206,,,,
120,0.1,0.09,6,20,7,13.75,0.596089,,,,
121,0.1,0.09,8,20,10,28.53,1.77808,,,,
122,0.1,0.09,10,20,10,33.91,2.32953,,,,
123,0.1,0.09,12,20,8,41.41,2.43452,,,,
124,0.1,0.09,14,20,10,43.53,2.94644,,,,
125,0.1,0.09,6,25,6,12.86,1.22019,,,,
126,0.1,0.09,8,25,7,24.97,2.12931,,,,
127,0.1,0.09,10,25,11,35.84,4.23051,,,,
128,0.1,0.09,12,25,9,37.75,3.62813,,,,
129,0.1,0.09,14,25,9,44.51,3.41576,,,,
130,0.1,0.09,6,30,6,11.85,0.917622,,,,
131,0.1,0.09,8,30,7,30.24,2.1004,,,,
132,0.1,0.09,10,30,10,33.41,2.82545,,,,
133,0.1,0.09,12,30,12,41.07,1.84246,,,,
134,0.1,0.09,14,30,10,44.61,3.62493,,,,
135,0.1,0.09,6,35,7,14.81,0.846236,,,,
136,0.1,0.09,8,35,9,32.75,1.71816,,,,
137,0.1,0.09,10,35,11,35.13,1.84595,,,,
138,0.1,0.09,12,35,9,40.17,3.59289,,,,
139,0.1,0.09,14,35,10,43.96,2.23378,,,,
140,0.1,0.09,6,40,7,15.83,0.885338,,,,
141,0.1,0.09,8,40,10,29.48,1.46219,,,,
142,0.1,0.09,10,40,11,35.28,3.1656,,,,
143,0.1,0.09,12,40,9,37.05,3.67958,,,,
144,0.1,0.09,14,40,9,43.4,5.54067,,,,
145,0.1,0.09,6,45,8,18.23,0.721476,,,,
146,0.1,0.09,8,45,7,24.57,1.97439,,,,
147,0.1,0.09,10,45,9,34.78,2.48666,,,,
148,0.1,0.09,12,45,9,39.72,2.38201,,,,
149,0.1,0.09,14,45,8,45,4.99652,,,,
150,0.1,0.1,6,0.01,6,12.86,1.02778,,,,
151,0.1,0.1,8,0.01,10,27.5,1.77759,,,,
152,0.1,0.1,10,0.01,9,35.38,2.06334,,,,
153,0.1,0.1,12,0.01,10,42.12,3.02322,,,,
154,0.1,0.1,14,0.01,10,44.98,2.99545,,,,
155,0.1,0.1,6,5,6,12.38,0.998201,,,,
156,0.1,0.1,8,5,9,28.56,1.87015,,,,
157,0.1,0.1,10,5,9,34.41,3.87091,,,,
158,0.1,0.1,12,5,14,42.12,2.27518,,,,
159,0.1,0.1,14,5,10,43.55,3.31914,,,,
160,0.1,0.1,6,10,6,12.85,1.11652,,,,
161,0.1,0.1,8,10,10,28.55,1.93019,,,,
162,0.1,0.1,10,10,8,33.87,3.94762,,,,
163,0.1,0.1,12,10,8,40.62,2.22375,,,,
164,0.1,0.1,14,10,9,45.07,5.31559,,,,
165,0.1,0.1,6,15,7,14.35,0.782836,,,,
166,0.1,0.1,8,15,9,31.34,2.84578,,,,
167,0.1,0.1,10,15,11,29.69,1.79068,,,,
168,0.1,0.1,12,15,9,39.82,4.96052,,,,
169,0.1,0.1,14,15,8,42.71,6.36631,,,,
170,0.1,0.1,6,20,6,11.88,0.733676,,,,
171,0.1,0.1,8,20,9,27.4,1.85137,,,,
172,0.1,0.1,10,20,8,36.01,2.30259,,,,
173,0.1,0.1,12,20,7,41.37,2.08322,,,,
174,0.1,0.1,14,20,12,44.7,3.70996,,,,
175,0.1,0.1,6,25,7,14.32,0.670636,,,,
176,0.1,0.1,8,25,9,33.21,1.847,,,,
177,0.1,0.1,10,25,10,35.96,1.94425,,,,
178,0.1,0.1,12,25,10,41.81,2.6918,,,,
179,0.1,0.1,14,25,8,46.5,3.17519,,,,
180,0.1,0.1,6,30,6,12.35,0.792174,,,,
181,0.1,0.1,8,30,9,29.16,1.63216,,,,
182,0.1,0.1,10,30,10,35.42,1.94347,,,,
183,0.1,0.1,12,30,11,38.09,2.91121,,,,
184,0.1,0.1,14,30,8,45.59,3.84839,,,,
185,0.1,0.1,6,35,6,12.86,1.2814,,,,
186,0.1,0.1,8,35,9,32.13,2.29029,,,,
187,0.1,0.1,10,35,8,34.46,2.29402,,,,
188,0.1,0.1,12,35,6,42.22,5.24838,,,,
189,0.1,0.1,14,35,11,43.37,2.99304,,,,
190,0.1,0.1,6,40,6,13.33,1.25331,,,,
191,0.1,0.1,8,40,8,33.22,2.0345,,,,
192,0.1,0.1,10,40,8,35.47,2.40971,,,,
193,0.1,0.1,12,40,13,40.85,2.54479,,,,
194,0.1,0.1,14,40,9,43.9,5.63954,,,,
195,0.1,0.1,6,45,7,14.77,0.627533,,,,
196,0.1,0.1,8,45,10,29.91,1.68594,,,,
197,0.1,0.1,10,45,9,32.36,3.80806,,,,
198,0.1,0.1,12,45,9,41.32,2.40284,,,,
199,0.1,0.1,14,45,8,46.03,4.32605,,,,
200,0.1,0.15,6,0.01,5,9.36,0.441386,,,,
201,0.1,0.15,8,0.01,10,26.4,1.39611,,,,
202,0.1,0.15,10,0.01,9,34.28,3.23679,,,,
203,0.1,0.15,12,0.01,6,38.12,2.75739,,,,
204,0.1,0.15,14,0.01,10,47.45,2.83355,,,,
205,0.1,0.15,6,5,5,9.35,0.373068,,,,
206,0.1,0.15,8,5,10,26.4,1.39365,,,,
207,0.1,0.15,10,5,7,37.84,2.57575,,,,
208,0.1,0.15,12,5,6,42.13,2.41046,,,,
209,0.1,0.15,14,5,8,42.51,3.35796,,,,
210,0.1,0.15,6,10,4,6.87,0.401657,,,,
211,0.1,0.15,8,10,10,29.01,1.72186,,,,
212,0.1,0.15,10,10,7,37.84,2.30037,,,,
213,0.1,0.15,12,10,11,40.16,2.49463,,,,
214,0.1,0.15,14,10,11,42.61,3.17233,,,,
215,0.1,0.15,6,15,4,6.9,0.41036,,,,
216,0.1,0.15,8,15,10,29.97,2.08608,,,,
217,0.1,0.15,10,15,6,33.45,2.6418,,,,
218,0.1,0.15,12,15,7,41.69,2.44144,,,,
219,0.1,0.15,14,15,10,42.82,4.01082,,,,
220,0.1,0.15,6,20,5,9.9,0.440873,,,,
221,0.1,0.15,8,20,8,31.09,2.2395,,,,
222,0.1,0.15,10,20,9,35.37,2.54643,,,,
223,0.1,0.15,12,20,5,23.52,2.65319,,,,
224,0.1,0.15,14,20,8,35.41,2.86834,,,,
225,0.1,0.15,6,25,5,8.85,0.391483,,,,
226,0.1,0.15,8,25,9,26.9,1.64935,,,,
227,0.1,0.15,10,25,10,34.38,2.44619,,,,
228,0.1,0.15,12,25,7,41.65,2.66921,,,,
229,0.1,0.15,14,25,8,48.34,3.97133,,,,
230,0.1,0.15,6,30,4,6.88,0.397441,,,,
231,0.1,0.15,8,30,10,29.49,1.33857,,,,
232,0.1,0.15,10,30,9,34.82,2.89671,,,,
233,0.1,0.15,12,30,6,42.04,3.35468,,,,
234,0.1,0.15,14,30,8,43.75,4.51228,,,,
235,0.1,0.15,6,35,5,9.35,0.394781,,,,
236,0.1,0.15,8,35,9,25.97,1.27193,,,,
237,0.1,0.15,10,35,8,37.84,2.23472,,,,
238,0.1,0.15,12,35,8,42.13,2.38309,,,,
239,0.1,0.15,14,35,9,44.55,6.05167,,,,
240,0.1,0.15,6,40,5,9.89,0.545646,,,,
241,0.1,0.15,8,40,8,31.1,2.26965,,,,
242,0.1,0.15,10,40,8,36.36,2.64515,,,,
243,0.1,0.15,12,40,7,37.09,2.71245,,,,
244,0.1,0.15,14,40,7,42.82,3.38664,,,,
245,0.1,0.15,6,45,5,8.81,0.383619,,,,
246,0.1,0.15,8,45,8,22.92,1.97609,,,,
247,0.1,0.15,10,45,8,37.35,2.07573,,,,
248,0.1,0.15,12,45,10,42.09,3.74942,,,,
249,0.1,0.15,14,45,9,45.01,5.95326,,,,
250,0.12,0.07,6,0.01,7,14.34,1.21455,,,,
251,0.12,0.07,8,0.01,10,29.47,1.80022,,,,
252,0.12,0.07,10,0.01,10,36.27,3.23129,,,,
253,0.12,0.07,12,0.01,10,40.67,5.19504,,,,
254,0.12,0.07,14,0.01,11,41.94,3.43146,,,,
255,0.12,0.07,6,5,7,14.34,1.05042,,,,
256,0.12,0.07,8,5,8,33.25,2.29927,,,,
257,0.12,0.07,10,5,8,31.52,2.21323,,,,
258,0.12,0.07,12,5,7,40.71,2.36244,,,,
259,0.12,0.07,14,5,10,45.04,3.01507,,,,
260,0.12,0.07,6,10,7,14.37,0.738069,,,,
261,0.12,0.07,8,10,7,27.31,2.15876,,,,
262,0.12,0.07,10,10,8,33.59,2.24967,,,,
263,0.12,0.07,12,10,11,40.08,4.92417,,,,
264,0.12,0.07,14,10,11,43.93,3.11419,,,,
265,0.12,0.07,6,15,6,12.37,1.11706,,,,
266,0.12,0.07,8,15,10,28.96,2.03661,,,,
267,0.12,0.07,10,15,10,35.31,3.70851,,,,
268,0.12,0.07,12,15,8,42.3,3.84659,,,,
269,0.12,0.07,14,15,9,45.97,3.36613,,,,
270,0.12,0.07,6,20,8,17.84,1.18951,,,,
271,0.12,0.07,8,20,11,32.04,2.12573,,,,
272,0.12,0.07,10,20,9,33.8,3.53505,,,,
273,0.12,0.07,12,20,10,39.18,4.08851,,,,
274,0.12,0.07,14,20,10,43.25,3.71133,,,,
275,0.12,0.07,6,25,7,15.83,0.703644,,,,
276,0.12,0.07,8,25,7,32.76,2.06549,,,,
277,0.12,0.07,10,25,9,36.45,2.74967,,,,
278,0.12,0.07,12,25,8,40.67,3.50637,,,,
279,0.12,0.07,14,25,13,44.61,2.38277,,,,
280,0.12,0.07,6,30,7,13.83,0.681754,,,,
281,0.12,0.07,8,30,10,29.97,1.65881,,,,
282,0.12,0.07,10,30,9,34.34,3.01107,,,,
283,0.12,0.07,12,30,11,41.59,3.03264,,,,
284,0.12,0.07,14,30,9,36.58,3.17352,,,,
285,0.12,0.07,6,35,8,15.74,0.575352,,,,
286,0.12,0.07,8,35,9,31.64,2.29489,,,,
287,0.12,0.07,10,35,8,33.95,2.46041,,,,
288,0.12,0.07,12,35,10,40.66,2.98965,,,,
289,0.12,0.07,14,35,10,45.09,3.66682,,,,
290,0.12,0.07,6,40,8,17.82,0.745074,,,,
291,0.12,0.07,8,40,11,30.41,1.76575,,,,
292,0.12,0.07,10,40,9,30.21,3.10234,,,,
293,0.12,0.07,12,40,9,40.15,3.79184,,,,
294,0.12,0.07,14,40,9,45.05,2.9973,,,,
295,0.12,0.07,6,45,8,15.3,0.625967,,,,
296,0.12,0.07,8,45,10,29.52,1.90978,,,,
297,0.12,0.07,10,45,8,38.62,2.33246,,,,
298,0.12,0.07,12,45,9,41.25,2.62489,,,,
299,0.12,0.07,14,45,14,43.38,2.58785,,,,
300,0.12,0.08,6,0.01,6,12.86,1.1342,,,,
301,0.12,0.08,8,0.01,10,28.52,1.48709,,,,
302,0.12,0.08,10,0.01,10,35.21,2.27005,,,,
303,0.12,0.08,12,0.01,9,43.36,3.26108,,,,
304,0.12,0.08,14,0.01,13,47.55,3.02239,,,,
305,0.12,0.08,6,5,6,11.9,0.831052,,,,
306,0.12,0.08,8,5,10,26.59,1.91755,,,,
307,0.12,0.08,10,5,10,34.85,2.66266,,,,
308,0.12,0.08,12,5,9,38.09,4.7381,,,,
309,0.12,0.08,14,5,12,45.92,2.89527,,,,
310,0.12,0.08,6,10,7,14.35,0.57422,,,,
311,0.12,0.08,8,10,9,29.57,1.59648,,,,
312,0.12,0.08,10,10,11,36.28,3.84473,,,,
313,0.12,0.08,12,10,11,39.58,3.06082,,,,
314,0.12,0.08,14,10,9,46.44,3.8387,,,,
315,0.12,0.08,6,15,7,14.35,0.769563,,,,
316,0.12,0.08,8,15,7,28.24,2.45629,,,,
317,0.12,0.08,10,15,10,36.93,4.09114,,,,
318,0.12,0.08,12,15,12,41.75,2.31588,,,,
319,0.12,0.08,14,15,5,45.58,2.06647,,,,
320,0.12,0.08,6,20,7,15.37,0.705614,,,,
321,0.12,0.08,8,20,10,27.49,2.00663,,,,
322,0.12,0.08,10,20,9,36.08,2.67389,,,,
323,0.12,0.08,12,20,9,35.38,4.73003,,,,
324,0.12,0.08,14,20,8,46.4,4.38616,,,,
325,0.12,0.08,6,25,6,12.86,1.15724,,,,
326,0.12,0.08,8,25,11,29.94,1.51514,,,,
327,0.12,0.08,10,25,9,34.24,3.44445,,,,
328,0.12,0.08,12,25,6,35.68,3.68303,,,,
329,0.12,0.08,14,25,8,44.24,6.14014,,,,
330,0.12,0.08,6,30,7,14.85,0.966001,,,,
331,0.12,0.08,8,30,11,32.41,1.49131,,,,
332,0.12,0.08,10,30,10,37.27,2.29109,,,,
333,0.12,0.08,12,30,9,42.25,2.88231,,,,
334,0.12,0.08,14,30,8,42.67,4.27894,,,,
335,0.12,0.08,6,35,6,12.85,1.186,,,,
336,0.12,0.08,8,35,10,29.01,2.11755,,,,
337,0.12,0.08,10,35,8,36.47,2.07221,,,,
338,0.12,0.08,12,35,8,41.23,3.146,,,,
339,0.12,0.08,14,35,8,43.4,6.11616,,,,
340,0.12,0.08,6,40,7,14.87,0.716307,,,,
341,0.12,0.08,8,40,8,23.99,1.57784,,,,
342,0.12,0.08,10,40,8,35.93,2.31285,,,,
343,0.12,0.08,12,40,13,41.73,2.47162,,,,
344,0.12,0.08,14,40,10,45.84,3.53915,,,,
345,0.12,0.08,6,45,6,12.87,1.14189,,,,
346,0.12,0.08,8,45,9,26.02,2.71618,,,,
347,0.12,0.08,10,45,10,34.81,3.21728,,,,
348,0.12,0.08,12,45,9,41.76,4.79687,,,,
349,0.12,0.08,14,45,9,42.04,6.45051,,,,
350,0.12,0.09,6,0.01,6,13.37,0.719411,,,,
351,0.12,0.09,8,0.01,6,26.17,2.41306,,,,
352,0.12,0.09,10,0.01,9,31.74,3.15273,,,,
353,0.12,0.09,12,0.01,9,42.49,3.39909,,,,
354,0.12,0.09,14,0.01,9,45.86,6.6348,,,,
355,0.12,0.09,6,5,6,12.38,0.807802,,,,
356,0.12,0.09,8,5,8,29.6,2.36075,,,,
357,0.12,0.09,10,5,7,36.87,2.08321,,,,
358,0.12,0.09,12,5,8,40.66,4.09016,,,,
359,0.12,0.09,14,5,8,45.86,5.17902,,,,
360,0.12,0.09,6,10,5,9.88,0.728744,,,,
361,0.12,0.09,8,10,12,31.92,1.7217,,,,
362,0.12,0.09,10,10,8,36.96,2.25152,,,,
363,0.12,0.09,12,10,11,42.17,2.18378,,,,
364,0.12,0.09,14,10,9,47.21,5.37098,,,,
365,0.12,0.09,6,15,7,14.86,0.860909,,,,
366,0.12,0.09,8,15,10,29,1.30096,,,,
367,0.12,0.09,10,15,8,36.96,2.15426,,,,
368,0.12,0.09,12,15,12,42.65,3.32322,,,,
369,0.12,0.09,14,15,9,42.35,2.64832,,,,
370,0.12,0.09,6,20,6,11.86,0.834505,,,,
371,0.12,0.09,8,20,10,28.45,1.29623,,,,
372,0.12,0.09,10,20,9,32.78,3.99882,,,,
373,0.12,0.09,12,20,8,41.34,2.24318,,,,
374,0.12,0.09,14,20,10,45.02,3.61546,,,,
375,0.12,0.09,6,25,6,12.37,0.789662,,,,
376,0.12,0.09,8,25,11,28.46,1.74251,,,,
377,0.12,0.09,10,25,9,35.32,3.12129,,,,
378,0.12,0.09,12,25,9,37.98,4.02101,,,,
379,0.12,0.09,14,25,14,46.63,2.89416,,,,
380,0.12,0.09,6,30,6,12.4,0.955908,,,,
381,0.12,0.09,8,30,9,27.42,1.50964,,,,
382,0.12,0.09,10,30,11,36.75,1.92562,,,,
383,0.12,0.09,12,30,8,36.75,2.69731,,,,
384,0.12,0.09,14,30,10,44.99,2.91138,,,,
385,0.12,0.09,6,35,6,11.85,0.774108,,,,
386,0.12,0.09,8,35,9,27.92,2.00957,,,,
387,0.12,0.09,10,35,10,36.95,2.8289,,,,
388,0.12,0.09,12,35,8,40.68,2.35971,,,,
389,0.12,0.09,14,35,10,43.47,4.87548,,,,
390,0.12,0.09,6,40,6,11.9,0.68202,,,,
391,0.12,0.09,8,40,10,31.14,1.98854,,,,
392,0.12,0.09,10,40,8,31.28,3.02378,,,,
393,0.12,0.09,12,40,8,36.93,2.75677,,,,
394,0.12,0.09,14,40,10,45.7,6.04556,,,,
395,0.12,0.09,6,45,6,13.34,0.664407,,,,
396,0.12,0.09,8,45,11,29.51,1.70478,,,,
397,0.12,0.09,10,45,11,36.3,1.89286,,,,
398,0.12,0.09,12,45,9,41.67,3.61886,,,,
399,0.12,0.09,14,45,13,45.14,2.68066,,,,
400,0.12,0.1,6,0.01,6,12.38,0.946392,,,,
401,0.12,0.1,8,0.01,8,31.14,2.35725,,,,
402,0.12,0.1,10,0.01,10,35.76,1.96544,,,,
403,0.12,0.1,12,0.01,8,41.14,3.54774,,,,
404,0.12,0.1,14,0.01,9,40.57,5.85908,,,,
405,0.12,0.1,6,5,7,14.34,0.500378,,,,
406,0.12,0.1,8,5,7,28.07,1.86424,,,,
407,0.12,0.1,10,5,9,29.62,2.14427,,,,
408,0.12,0.1,12,5,11,41.11,2.90132,,,,
409,0.12,0.1,14,5,10,45.49,3.80876,,,,
410,0.12,0.1,6,10,5,9.38,0.634138,,,,
411,0.12,0.1,8,10,6,24.15,1.95831,,,,
412,0.12,0.1,10,10,11,35.86,2.10934,,,,
413,0.12,0.1,12,10,9,42.24,4.7436,,,,
414,0.12,0.1,14,10,12,43.62,3.81972,,,,
415,0.12,0.1,6,15,6,11.82,0.609584,,,,
416,0.12,0.1,8,15,9,30.64,1.53973,,,,
417,0.12,0.1,10,15,9,37.18,2.53181,,,,
418,0.12,0.1,12,15,10,40.58,2.67385,,,,
419,0.12,0.1,14,15,7,44.47,3.01208,,,,
420,0.12,0.1,6,20,6,12.37,0.881148,,,,
421,0.12,0.1,8,20,8,31.17,2.29329,,,,
422,0.12,0.1,10,20,5,18.94,2.79024,,,,
423,0.12,0.1,12,20,8,33.46,3.53132,,,,
424,0.12,0.1,14,20,8,43,3.19548,,,,
425,0.12,0.1,6,25,5,9.39,0.698086,,,,
426,0.12,0.1,8,25,9,27.04,1.47563,,,,
427,0.12,0.1,10,25,11,37.45,2.45119,,,,
428,0.12,0.1,12,25,11,41.13,5.00571,,,,
429,0.12,0.1,14,25,10,42.67,3.42256,,,,
430,0.12,0.1,6,30,6,12.37,0.720229,,,,
431,0.12,0.1,8,30,8,26.55,2.30418,,,,
432,0.12,0.1,10,30,11,36.41,1.87401,,,,
433,0.12,0.1,12,30,10,37.14,2.91986,,,,
434,0.12,0.1,14,30,8,45.85,3.81474,,,,
435,0.12,0.1,6,35,6,11.78,0.560922,,,,
436,0.12,0.1,8,35,11,29.4,1.42782,,,,
437,0.12,0.1,10,35,10,34.86,2.38456,,,,
438,0.12,0.1,12,35,12,42.97,2.11895,,,,
439,0.12,0.1,14,35,12,45.47,3.80021,,,,
440,0.12,0.1,6,40,5,9.37,0.695333,,,,
441,0.12,0.1,8,40,8,30.06,2.33937,,,,
442,0.12,0.1,10,40,9,29.41,2.12783,,,,
443,0.12,0.1,12,40,10,41.16,4.88408,,,,
444,0.12,0.1,14,40,6,38.5,5.89071,,,,
445,0.12,0.1,6,45,6,12.36,0.51005,,,,
446,0.12,0.1,8,45,11,29.53,1.40309,,,,
447,0.12,0.1,10,45,11,38.29,3.16917,,,,
448,0.12,0.1,12,45,8,42.26,2.86126,,,,
449,0.12,0.1,14,45,9,44.26,3.11529,,,,
450,0.12,0.15,6,0.01,3,3.94,0.293681,,,,
451,0.12,0.15,8,0.01,8,27.39,1.42647,,,,
452,0.12,0.15,10,0.01,10,31.23,1.66075,,,,
453,0.12,0.15,12,0.01,10,43.04,3.59278,,,,
454,0.12,0.15,14,0.01,6,47.28,2.94893,,,,
455,0.12,0.15,6,5,5,8.86,0.397846,,,,
456,0.12,0.15,8,5,8,22.41,1.70925,,,,
457,0.12,0.15,10,5,6,36.76,2.21728,,,,
458,0.12,0.15,12,5,9,40.51,4.73826,,,,
459,0.12,0.15,14,5,5,46.83,2.62497,,,,
460,0.12,0.15,6,10,3,4.42,0.287688,,,,
461,0.12,0.15,8,10,10,26.92,1.14,,,,
462,0.12,0.15,10,10,9,34.28,3.13018,,,,
463,0.12,0.15,12,10,8,38.56,2.62779,,,,
464,0.12,0.15,14,10,6,43.84,2.74949,,,,
465,0.12,0.15,6,15,5,9.35,0.40135,,,,
466,0.12,0.15,8,15,10,26.81,1.21667,,,,
467,0.12,0.15,10,15,7,36.82,1.92627,,,,
468,0.12,0.15,12,15,11,43.06,3.78505,,,,
469,0.12,0.15,14,15,7,45.65,4.96731,,,,
470,0.12,0.15,6,20,5,8.95,0.383257,,,,
471,0.12,0.15,8,20,8,26.44,1.79211,,,,
472,0.12,0.15,10,20,7,31.75,2.64816,,,,
473,0.12,0.15,12,20,10,39.99,4.71986,,,,
474,0.12,0.15,14,20,11,44.45,2.72647,,,,
475,0.12,0.15,6,25,4,6.44,0.343751,,,,
476,0.12,0.15,8,25,7,23.52,2.05574,,,,
477,0.12,0.15,10,25,10,36.2,1.39141,,,,
478,0.12,0.15,12,25,9,38.22,3.11678,,,,
479,0.12,0.15,14,25,11,47.31,5.55534,,,,
480,0.12,0.15,6,30,3,4.42,0.265861,,,,
481,0.12,0.15,8,30,8,22.96,1.81036,,,,
482,0.12,0.15,10,30,6,31.28,2.7468,,,,
483,0.12,0.15,12,30,7,40.52,2.49317,,,,
484,0.12,0.15,14,30,7,44.36,2.45279,,,,
485,0.12,0.15,6,35,3,4.46,0.335347,,,,
486,0.12,0.15,8,35,7,20.86,1.16111,,,,
487,0.12,0.15,10,35,7,35.3,2.37136,,,,
488,0.12,0.15,12,35,5,37.6,2.94203,,,,
489,0.12,0.15,14,35,7,42.07,5.78462,,,,
490,0.12,0.15,6,40,5,9.36,0.396733,,,,
491,0.12,0.15,8,40,7,21.37,1.243,,,,
492,0.12,0.15,10,40,10,33.76,1.8474,,,,
493,0.12,0.15,12,40,11,39.26,2.01818,,,,
494,0.12,0.15,14,40,5,43.08,3.93336,,,,
495,0.12,0.15,6,45,4,6.43,0.337087,,,,
496,0.12,0.15,8,45,7,23.52,2.02027,,,,
497,0.12,0.15,10,45,7,36.81,2.05393,,,,
498,0.12,0.15,12,45,8,43.54,3.17998,,,,
499,0.12,0.15,14,45,6,46.92,3.05601,,,,
500,0.14,0.07,6,0.01,7,13.81,0.612093,,,,
501,0.14,0.07,8,0.01,9,31.18,2.43116,,,,
502,0.14,0.07,10,0.01,11,37.37,2.32044,,,,
503,0.14,0.07,12,0.01,8,31.63,4.87779,,,,
504,0.14,0.07,14,0.01,9,41.56,5.41855,,,,
505,0.14,0.07,6,5,6,12.89,0.901868,,,,
506,0.14,0.07,8,5,9,28.46,2.17694,,,,
507,0.14,0.07,10,5,10,36.94,3.1955,,,,
508,0.14,0.07,12,5,7,40.65,3.65251,,,,
509,0.14,0.07,14,5,6,38.54,6.44383,,,,
510,0.14,0.07,6,10,6,12.88,0.905101,,,,
511,0.14,0.07,8,10,9,31.11,2.27935,,,,
512,0.14,0.07,10,10,8,36.92,2.50308,,,,
513,0.14,0.07,12,10,10,43.17,2.66574,,,,
514,0.14,0.07,14,10,9,42.24,2.51962,,,,
515,0.14,0.07,6,15,7,14.86,0.602201,,,,
516,0.14,0.07,8,15,9,30.61,2.36697,,,,
517,0.14,0.07,10,15,9,32.81,2.08929,,,,
518,0.14,0.07,12,15,9,32.66,2.04406,,,,
519,0.14,0.07,14,15,9,42.59,5.51998,,,,
520,0.14,0.07,6,20,6,12.36,0.5141,,,,
521,0.14,0.07,8,20,11,29.48,1.45491,,,,
522,0.14,0.07,10,20,8,37.28,2.07865,,,,
523,0.14,0.07,12,20,7,39.14,2.19934,,,,
524,0.14,0.07,14,20,8,46.85,3.96015,,,,
525,0.14,0.07,6,25,6,12.39,0.938293,,,,
526,0.14,0.07,8,25,9,29.35,1.2722,,,,
527,0.14,0.07,10,25,10,34.93,2.31453,,,,
528,0.14,0.07,12,25,10,42.6,2.92336,,,,
529,0.14,0.07,14,25,9,47.01,5.57073,,,,
530,0.14,0.07,6,30,6,12.37,0.921995,,,,
531,0.14,0.07,8,30,8,30.66,2.18257,,,,
532,0.14,0.07,10,30,8,37.46,2.2089,,,,
533,0.14,0.07,12,30,11,37.28,2.77113,,,,
534,0.14,0.07,14,30,10,43.56,3.20737,,,,
535,0.14,0.07,6,35,6,12.39,0.903379,,,,
536,0.14,0.07,8,35,9,29.03,2.11064,,,,
537,0.14,0.07,10,35,10,33.42,3.96076,,,,
538,0.14,0.07,12,35,10,36.95,3.13992,,,,
539,0.14,0.07,14,35,8,44.82,5.94797,,,,
540,0.14,0.07,6,40,6,11.85,0.48932,,,,
541,0.14,0.07,8,40,8,31.23,2.43109,,,,
542,0.14,0.07,10,40,10,34.88,2.49085,,,,
543,0.14,0.07,12,40,9,41.68,2.64812,,,,
544,0.14,0.07,14,40,9,46.46,2.20583,,,,
545,0.14,0.07,6,45,6,11.86,0.649324,,,,
546,0.14,0.07,8,45,8,24.54,2.02517,,,,
547,0.14,0.07,10,45,11,34.76,2.70845,,,,
548,0.14,0.07,12,45,10,38.51,3.31698,,,,
549,0.14,0.07,14,45,10,43.84,3.1829,,,,
550,0.14,0.08,6,0.01,6,11.86,0.759477,,,,
551,0.14,0.08,8,0.01,7,28.11,1.79672,,,,
552,0.14,0.08,10,0.01,9,37.25,2.80661,,,,
553,0.14,0.08,12,0.01,9,36.92,4.19857,,,,
554,0.14,0.08,14,0.01,10,42.8,2.70827,,,,
555,0.14,0.08,6,5,6,12.34,0.517438,,,,
556,0.14,0.08,8,5,10,27.02,1.28651,,,,
557,0.14,0.08,10,5,11,37.71,1.96347,,,,
558,0.14,0.08,12,5,9,40.37,4.42185,,,,
559,0.14,0.08,14,5,10,47.02,3.69032,,,,
560,0.14,0.08,6,10,6,11.87,0.759001,,,,
561,0.14,0.08,8,10,8,31.14,2.37934,,,,
562,0.14,0.08,10,10,8,33.74,3.41386,,,,
563,0.14,0.08,12,10,7,41.69,2.36126,,,,
564,0.14,0.08,14,10,9,48.02,3.24859,,,,
565,0.14,0.08,6,15,7,14.79,0.492431,,,,
566,0.14,0.08,8,15,7,29.66,2.45564,,,,
567,0.14,0.08,10,15,9,37.19,2.36144,,,,
568,0.14,0.08,12,15,8,42.59,2.52583,,,,
569,0.14,0.08,14,15,7,42.3,4.06454,,,,
570,0.14,0.08,6,20,6,11.85,0.473586,,,,
571,0.14,0.08,8,20,10,28.54,1.90622,,,,
572,0.14,0.08,10,20,11,37.19,3.19569,,,,
573,0.14,0.08,12,20,4,20.94,2.79629,,,,
574,0.14,0.08,14,20,8,43.75,3.81492,,,,
575,0.14,0.08,6,25,6,12.86,0.891021,,,,
576,0.14,0.08,8,25,11,30.95,1.35619,,,,
577,0.14,0.08,10,25,7,30.31,2.44423,,,,
578,0.14,0.08,12,25,9,38.54,3.72876,,,,
579,0.14,0.08,14,25,6,40.81,3.40417,,,,
580,0.14,0.08,6,30,6,11.86,0.485817,,,,
581,0.14,0.08,8,30,10,30.04,1.3521,,,,
582,0.14,0.08,10,30,9,32.29,2.02592,,,,
583,0.14,0.08,12,30,7,42.65,2.69686,,,,
584,0.14,0.08,14,30,8,47.4,2.26481,,,,
585,0.14,0.08,6,35,5,9.88,0.62443,,,,
586,0.14,0.08,8,35,10,29.37,1.32508,,,,
587,0.14,0.08,10,35,9,33.76,2.4281,,,,
588,0.14,0.08,12,35,7,42.21,2.18824,,,,
589,0.14,0.08,14,35,9,46.88,3.98833,,,,
590,0.14,0.08,6,40,6,11.37,0.447056,,,,
591,0.14,0.08,8,40,9,28.51,1.73905,,,,
592,0.14,0.08,10,40,8,30.6,2.85938,,,,
593,0.14,0.08,12,40,10,42.1,4.93802,,,,
594,0.14,0.08,14,40,9,43.94,5.39523,,,,
595,0.14,0.08,6,45,6,12.36,0.649146,,,,
596,0.14,0.08,8,45,9,27.83,1.24263,,,,
597,0.14,0.08,10,45,11,36.86,1.87874,,,,
598,0.14,0.08,12,45,9,39.25,2.53103,,,,
599,0.14,0.08,14,45,6,40.7,2.45596,,,,
600,0.14,0.09,6,0.01,6,11.35,0.402016,,,,
601,0.14,0.09,8,0.01,8,31.08,2.0477,,,,
602,0.14,0.09,10,0.01,7,33.4,2.23929,,,,
603,0.14,0.09,12,0.01,6,40.58,2.37945,,,,
604,0.14,0.09,14,0.01,8,47.66,3.74226,,,,
605,0.14,0.09,6,5,6,11.86,0.433262,,,,
606,0.14,0.09,8,5,8,30.59,2.26133,,,,
607,0.14,0.09,10,5,10,35.25,2.35571,,,,
608,0.14,0.09,12,5,10,40.91,2.25161,,,,
609,0.14,0.09,14,5,8,40.02,6.64233,,,,
610,0.14,0.09,6,10,5,9.39,0.460704,,,,
611,0.14,0.09,8,10,8,26.05,2.00347,,,,
612,0.14,0.09,10,10,11,37.41,1.79298,,,,
613,0.14,0.09,12,10,10,41.59,3.70512,,,,
614,0.14,0.09,14,10,10,46.39,5.61195,,,,
615,0.14,0.09,6,15,5,9.9,0.552486,,,,
616,0.14,0.09,8,15,10,27.43,1.31548,,,,
617,0.14,0.09,10,15,10,36.68,1.81757,,,,
618,0.14,0.09,12,15,12,40.27,2.57331,,,,
619,0.14,0.09,14,15,7,45.89,2.24561,,,,
620,0.14,0.09,6,20,7,14.31,0.492665,,,,
621,0.14,0.09,8,20,7,29.64,2.32319,,,,
622,0.14,0.09,10,20,6,34.42,2.44447,,,,
623,0.14,0.09,12,20,11,35.52,2.59627,,,,
624,0.14,0.09,14,20,7,48.52,2.90864,,,,
625,0.14,0.09,6,25,6,12.36,0.663412,,,,
626,0.14,0.09,8,25,10,26.95,1.56947,,,,
627,0.14,0.09,10,25,11,35.28,1.98539,,,,
628,0.14,0.09,12,25,9,39.4,4.31331,,,,
629,0.14,0.09,14,25,8,40.58,6.14949,,,,
630,0.14,0.09,6,30,6,12.36,0.784881,,,,
631,0.14,0.09,8,30,8,31.15,2.35488,,,,
632,0.14,0.09,10,30,6,31.84,2.08672,,,,
633,0.14,0.09,12,30,8,39.6,3.16875,,,,
634,0.14,0.09,14,30,11,43.31,3.14513,,,,
635,0.14,0.09,6,35,6,11.35,0.407968,,,,
636,0.14,0.09,8,35,9,31.14,2.3411,,,,
637,0.14,0.09,10,35,7,36.89,2.32812,,,,
638,0.14,0.09,12,35,9,42.04,4.74183,,,,
639,0.14,0.09,14,35,8,46.78,3.4333,,,,
640,0.14,0.09,6,40,5,9.89,0.52786,,,,
641,0.14,0.09,8,40,8,26.81,1.79497,,,,
642,0.14,0.09,10,40,11,37.81,2.69078,,,,
643,0.14,0.09,12,40,5,38.74,2.31704,,,,
644,0.14,0.09,14,40,9,47.84,6.0116,,,,
645,0.14,0.09,6,45,5,9.38,0.467696,,,,
646,0.14,0.09,8,45,8,29.1,2.30611,,,,
647,0.14,0.09,10,45,11,34.76,1.95902,,,,
648,0.14,0.09,12,45,9,39.55,3.01456,,,,
649,0.14,0.09,14,45,12,45.14,2.70373,,,,
650,0.14,0.1,6,0.01,5,9.9,0.570795,,,,
651,0.14,0.1,8,0.01,9,29.95,2.05224,,,,
652,0.14,0.1,10,0.01,9,31.28,2.30861,,,,
653,0.14,0.1,12,0.01,9,36.45,3.44672,,,,
654,0.14,0.1,14,0.01,10,44.19,3.13358,,,,
655,0.14,0.1,6,5,5,9.89,0.631099,,,,
656,0.14,0.1,8,5,10,29.81,1.21151,,,,
657,0.14,0.1,10,5,10,35.36,3.87771,,,,
658,0.14,0.1,12,5,8,43.19,2.71786,,,,
659,0.14,0.1,14,5,8,46.72,5.65784,,,,
660,0.14,0.1,6,10,5,9.33,0.460875,,,,
661,0.14,0.1,8,10,8,29.11,1.86538,,,,
662,0.14,0.1,10,10,10,35.84,2.30087,,,,
663,0.14,0.1,12,10,11,40.64,2.40469,,,,
664,0.14,0.1,14,10,9,43.14,4.56401,,,,
665,0.14,0.1,6,15,5,8.84,0.406431,,,,
666,0.14,0.1,8,15,10,26.89,1.41684,,,,
667,0.14,0.1,10,15,9,36.91,2.64457,,,,
668,0.14,0.1,12,15,10,41.52,3.11315,,,,
669,0.14,0.1,14,15,5,24.08,3.18148,,,,
670,0.14,0.1,6,20,5,10.38,0.624511,,,,
671,0.14,0.1,8,20,9,24.89,1.30261,,,,
672,0.14,0.1,10,20,6,33.9,2.70019,,,,
673,0.14,0.1,12,20,8,43.24,2.88492,,,,
674,0.14,0.1,14,20,9,43.47,4.20239,,,,
675,0.14,0.1,6,25,5,8.84,0.407762,,,,
676,0.14,0.1,8,25,7,24.56,1.90087,,,,
677,0.14,0.1,10,25,10,38.86,3.48779,,,,
678,0.14,0.1,12,25,9,38.51,3.04836,,,,
679,0.14,0.1,14,25,6,46.37,2.59512,,,,
680,0.14,0.1,6,30,5,9.89,0.448148,,,,
681,0.14,0.1,8,30,8,26.91,2.03342,,,,
682,0.14,0.1,10,30,10,32.74,2.12015,,,,
683,0.14,0.1,12,30,7,42.62,2.65911,,,,
684,0.14,0.1,14,30,9,46.28,3.02446,,,,
685,0.14,0.1,6,35,4,6.37,0.376759,,,,
686,0.14,0.1,8,35,9,26.87,1.4901,,,,
687,0.14,0.1,10,35,9,35.23,2.29707,,,,
688,0.14,0.1,12,35,8,39.48,2.76899,,,,
689,0.14,0.1,14,35,9,43.94,3.28293,,,,
690,0.14,0.1,6,40,5,9.9,0.536254,,,,
691,0.14,0.1,8,40,10,26.96,1.23366,,,,
692,0.14,0.1,10,40,8,35.74,3.10389,,,,
693,0.14,0.1,12,40,10,40.27,3.17299,,,,
694,0.14,0.1,14,40,12,46.97,3.70088,,,,
695,0.14,0.1,6,45,5,9.89,0.54206,,,,
696,0.14,0.1,8,45,10,28.92,1.37929,,,,
697,0.14,0.1,10,45,7,28.06,2.53302,,,,
698,0.14,0.1,12,45,7,37.09,3.42217,,,,
699,0.14,0.1,14,45,7,46.82,2.6334,,,,
700,0.14,0.15,6,0.01,3,4.43,0.272131,,,,
701,0.14,0.15,8,0.01,7,18.96,1.81524,,,,
702,0.14,0.15,10,0.01,10,35.11,2.3743,,,,
703,0.14,0.15,12,0.01,10,39.84,2.89542,,,,
704,0.14,0.15,14,0.01,6,28.04,3.87211,,,,
705,0.14,0.15,6,5,0,0,0,,,,
706,0.14,0.15,8,5,9,25.94,1.74753,,,,
707,0.14,0.15,10,5,9,36.1,2.12715,,,,
708,0.14,0.15,12,5,10,42.27,2.50987,,,,
709,0.14,0.15,14,5,4,20.51,2.68559,,,,
710,0.14,0.15,6,10,0,0,0,,,,
711,0.14,0.15,8,10,8,22.94,1.8282,,,,
712,0.14,0.15,10,10,9,34.67,2.36745,,,,
713,0.14,0.15,12,10,8,39.86,3.07131,,,,
714,0.14,0.15,14,10,4,27.13,6.38899,,,,
715,0.14,0.15,6,15,1,0,0.215794,,,,
716,0.14,0.15,8,15,8,21.93,1.61944,,,,
717,0.14,0.15,10,15,6,31.78,2.47072,,,,
718,0.14,0.15,12,15,10,37.23,2.3034,,,,
719,0.14,0.15,14,15,9,43.01,2.92554,,,,
720,0.14,0.15,6,20,0,0,0,,,,
721,0.14,0.15,8,20,6,16.45,1.71827,,,,
722,0.14,0.15,10,20,8,36.3,1.72927,,,,
723,0.14,0.15,12,20,7,37.49,2.5164,,,,
724,0.14,0.15,14,20,7,40.83,4.29255,,,,
725,0.14,0.15,6,25,0,0,0,,,,
726,0.14,0.15,8,25,7,19.5,1.90221,,,,
727,0.14,0.15,10,25,6,35.25,2.48675,,,,
728,0.14,0.15,12,25,8,39.71,2.7388,,,,
729,0.14,0.15,14,25,7,42.19,3.36595,,,,
730,0.14,0.15,6,30,2,1.96,0.242112,,,,
731,0.14,0.15,8,30,8,20.84,0.785105,,,,
732,0.14,0.15,10,30,10,34.2,2.15866,,,,
733,0.14,0.15,12,30,9,38.88,2.23495,,,,
734,0.14,0.15,14,30,8,40.83,2.48366,,,,
735,0.14,0.15,6,35,0,0,0,,,,
736,0.14,0.15,8,35,8,22.41,1.79412,,,,
737,0.14,0.15,10,35,9,35.67,2.6549,,,,
738,0.14,0.15,12,35,10,39.82,2.3837,,,,
739,0.14,0.15,14,35,10,45.97,3.24849,,,,
740,0.14,0.15,6,40,0,0,0,,,,
741,0.14,0.15,8,40,6,15.94,1.53976,,,,
742,0.14,0.15,10,40,9,30.75,2.38589,,,,
743,0.14,0.15,12,40,5,23.64,2.8278,,,,
744,0.14,0.15,14,40,4,20.55,2.75279,,,,
745,0.14,0.15,6,45,0,0,0,,,,
746,0.14,0.15,8,45,6,15.92,1.51103,,,,
747,0.14,0.15,10,45,5,19.54,2.3497,,,,
748,0.14,0.15,12,45,5,35.41,2.60004,,,,
749,0.14,0.15,14,45,9,41.62,2.52688,,,,
750,0.16,0.07,6,0.01,5,9.38,0.411367,,,,
751,0.16,0.07,8,0.01,8,29.6,2.2833,,,,
752,0.16,0.07,10,0.01,7,37.47,2.62301,,,,
753,0.16,0.07,12,0.01,9,41.48,2.44044,,,,
754,0.16,0.07,14,0.01,6,43.39,2.71334,,,,
755,0.16,0.07,6,5,5,10.39,0.609406,,,,
756,0.16,0.07,8,5,9,27.49,2.10491,,,,
757,0.16,0.07,10,5,9,31.3,2.44271,,,,
758,0.16,0.07,12,5,10,39.92,3.27472,,,,
759,0.16,0.07,14,5,7,47.39,2.71569,,,,
760,0.16,0.07,6,10,5,9.91,0.599148,,,,
761,0.16,0.07,8,10,10,27.4,1.29578,,,,
762,0.16,0.07,10,10,9,34.19,2.96863,,,,
763,0.16,0.07,12,10,8,39.99,4.0648,,,,
764,0.16,0.07,14,10,8,45.92,2.42678,,,,
765,0.16,0.07,6,15,5,9.89,0.590657,,,,
766,0.16,0.07,8,15,10,29.52,2.013,,,,
767,0.16,0.07,10,15,9,35.3,2.71551,,,,
768,0.16,0.07,12,15,6,44.14,2.54619,,,,
769,0.16,0.07,14,15,5,24.5,3.51027,,,,
770,0.16,0.07,6,20,5,9.39,0.455349,,,,
771,0.16,0.07,8,20,10,27.47,1.21131,,,,
772,0.16,0.07,10,20,8,33.47,2.35366,,,,
773,0.16,0.07,12,20,9,35.88,2.74837,,,,
774,0.16,0.07,14,20,8,45.8,4.01642,,,,
775,0.16,0.07,6,25,5,9.39,0.456869,,,,
776,0.16,0.07,8,25,8,30.54,2.30891,,,,
777,0.16,0.07,10,25,10,34.25,2.86913,,,,
778,0.16,0.07,12,25,10,42,4.64253,,,,
779,0.16,0.07,14,25,9,42.88,2.65065,,,,
780,0.16,0.07,6,30,5,10.37,0.695294,,,,
781,0.16,0.07,8,30,7,26.09,2.26744,,,,
782,0.16,0.07,10,30,11,37.63,2.57365,,,,
783,0.16,0.07,12,30,8,42.66,3.57902,,,,
784,0.16,0.07,14,30,8,47.27,5.99698,,,,
785,0.16,0.07,6,35,5,9.39,0.459278,,,,
786,0.16,0.07,8,35,9,29.96,1.49886,,,,
787,0.16,0.07,10,35,8,33.2,3.20895,,,,
788,0.16,0.07,12,35,10,43.56,2.34823,,,,
789,0.16,0.07,14,35,5,24.03,2.77743,,,,
790,0.16,0.07,6,40,6,12.35,0.462334,,,,
791,0.16,0.07,8,40,7,29.63,2.33756,,,,
792,0.16,0.07,10,40,8,34.27,3.8418,,,,
793,0.16,0.07,12,40,6,43.58,3.05424,,,,
794,0.16,0.07,14,40,10,45.2,5.14842,,,,
795,0.16,0.07,6,45,6,12.36,0.462998,,,,
796,0.16,0.07,8,45,10,29.82,1.23257,,,,
797,0.16,0.07,10,45,10,36.24,1.8785,,,,
798,0.16,0.07,12,45,7,40.99,2.24622,,,,
799,0.16,0.07,14,45,8,44.19,4.90517,,,,
800,0.16,0.08,6,0.01,5,9.89,0.497148,,,,
801,0.16,0.08,8,0.01,7,25.58,2.10943,,,,
802,0.16,0.08,10,0.01,10,35.3,2.31365,,,,
803,0.16,0.08,12,0.01,9,44.65,3.32386,,,,
804,0.16,0.08,14,0.01,9,43.11,5.07413,,,,
805,0.16,0.08,6,5,5,9.88,0.499843,,,,
806,0.16,0.08,8,5,7,25.6,2.08755,,,,
807,0.16,0.08,10,5,8,34.22,2.63295,,,,
808,0.16,0.08,12,5,11,41.01,3.18571,,,,
809,0.16,0.08,14,5,10,43.69,2.59208,,,,
810,0.16,0.08,6,10,4,6.36,0.366546,,,,
811,0.16,0.08,8,10,8,25,2.29266,,,,
812,0.16,0.08,10,10,9,36.3,2.32354,,,,
813,0.16,0.08,12,10,4,18.49,2.98393,,,,
814,0.16,0.08,14,10,5,23.49,4.26052,,,,
815,0.16,0.08,6,15,5,9.89,0.577956,,,,
816,0.16,0.08,8,15,9,26.41,1.14948,,,,
817,0.16,0.08,10,15,9,34.77,3.25867,,,,
818,0.16,0.08,12,15,8,40.54,3.36241,,,,
819,0.16,0.08,14,15,9,46.87,2.77119,,,,
820,0.16,0.08,6,20,5,9.34,0.389058,,,,
821,0.16,0.08,8,20,9,26.38,1.4551,,,,
822,0.16,0.08,10,20,9,33.68,2.51929,,,,
823,0.16,0.08,12,20,5,39.05,2.83184,,,,
824,0.16,0.08,14,20,10,43.64,2.49955,,,,
825,0.16,0.08,6,25,5,9.36,0.395368,,,,
826,0.16,0.08,8,25,10,27.89,1.1802,,,,
827,0.16,0.08,10,25,10,35.68,2.97381,,,,
828,0.16,0.08,12,25,10,39,4.72118,,,,
829,0.16,0.08,14,25,7,39.94,2.2603,,,,
830,0.16,0.08,6,30,5,9.89,0.509097,,,,
831,0.16,0.08,8,30,10,30.04,2.14423,,,,
832,0.16,0.08,10,30,8,34.74,3.54179,,,,
833,0.16,0.08,12,30,8,42.78,3.39866,,,,
834,0.16,0.08,14,30,7,44.29,2.55038,,,,
835,0.16,0.08,6,35,5,9.37,0.39692,,,,
836,0.16,0.08,8,35,7,27.09,2.62094,,,,
837,0.16,0.08,10,35,7,34.77,2.09306,,,,
838,0.16,0.08,12,35,7,42.72,2.94169,,,,
839,0.16,0.08,14,35,10,46.28,5.63265,,,,
840,0.16,0.08,6,40,4,6.87,0.392032,,,,
841,0.16,0.08,8,40,10,26.92,1.39035,,,,
842,0.16,0.08,10,40,7,36.88,2.19375,,,,
843,0.16,0.08,12,40,6,38.02,2.80138,,,,
844,0.16,0.08,14,40,9,40.62,5.60958,,,,
845,0.16,0.08,6,45,5,9.91,0.593136,,,,
846,0.16,0.08,8,45,9,25.37,1.3298,,,,
847,0.16,0.08,10,45,10,35.27,2.7485,,,,
848,0.16,0.08,12,45,6,42.61,3.49342,,,,
849,0.16,0.08,14,45,9,40.48,3.89326,,,,
850,0.16,0.09,6,0.01,5,8.44,0.366314,,,,
851,0.16,0.09,8,0.01,8,22.4,1.67064,,,,
852,0.16,0.09,10,0.01,5,19.45,2.0743,,,,
853,0.16,0.09,12,0.01,10,37.09,4.3881,,,,
854,0.16,0.09,14,0.01,6,46.76,3.27665,,,,
855,0.16,0.09,6,5,5,8.84,0.391018,,,,
856,0.16,0.09,8,5,9,27.35,1.19548,,,,
857,0.16,0.09,10,5,6,21.51,2.81204,,,,
858,0.16,0.09,12,5,7,43.87,2.95093,,,,
859,0.16,0.09,14,5,10,45.43,3.51219,,,,
860,0.16,0.09,6,10,5,9.34,0.372621,,,,
861,0.16,0.09,8,10,8,27.97,2.15891,,,,
862,0.16,0.09,10,10,9,32.12,2.06063,,,,
863,0.16,0.09,12,10,12,42.05,2.54103,,,,
864,0.16,0.09,14,10,7,40.19,3.31506,,,,
865,0.16,0.09,6,15,5,9.37,0.434472,,,,
866,0.16,0.09,8,15,9,24.94,1.58268,,,,
867,0.16,0.09,10,15,10,33.73,2.19342,,,,
868,0.16,0.09,12,15,7,38.56,3.6041,,,,
869,0.16,0.09,14,15,5,28.17,5.24497,,,,
870,0.16,0.09,6,20,5,8.85,0.359662,,,,
871,0.16,0.09,8,20,6,24.08,2.13539,,,,
872,0.16,0.09,10,20,9,33.76,2.68467,,,,
873,0.16,0.09,12,20,7,42.5,4.8005,,,,
874,0.16,0.09,14,20,9,43.4,2.88375,,,,
875,0.16,0.09,6,25,5,9.85,0.441457,,,,
876,0.16,0.09,8,25,6,24.04,2.13058,,,,
877,0.16,0.09,10,25,7,35.27,2.26866,,,,
878,0.16,0.09,12,25,9,43.63,2.65357,,,,
879,0.16,0.09,14,25,9,41.57,3.70145,,,,
880,0.16,0.09,6,30,5,9.86,0.43432,,,,
881,0.16,0.09,8,30,8,29.03,1.99617,,,,
882,0.16,0.09,10,30,7,37.94,2.55883,,,,
883,0.16,0.09,12,30,7,42.99,3.08701,,,,
884,0.16,0.09,14,30,6,44.66,3.00875,,,,
885,0.16,0.09,6,35,5,9.36,0.40517,,,,
886,0.16,0.09,8,35,8,22.52,1.70518,,,,
887,0.16,0.09,10,35,10,36.74,2.65429,,,,
888,0.16,0.09,12,35,8,42.01,2.8462,,,,
889,0.16,0.09,14,35,6,45.75,2.78583,,,,
890,0.16,0.09,6,40,5,9.34,0.374728,,,,
891,0.16,0.09,8,40,8,27.43,2.10784,,,,
892,0.16,0.09,10,40,10,37.19,3.38006,,,,
893,0.16,0.09,12,40,6,38.56,2.78734,,,,
894,0.16,0.09,14,40,10,38.58,3.72565,,,,
895,0.16,0.09,6,45,5,8.85,0.36432,,,,
896,0.16,0.09,8,45,10,27.49,1.50314,,,,
897,0.16,0.09,10,45,11,37.29,3.35688,,,,
898,0.16,0.09,12,45,9,39.95,2.73513,,,,
899,0.16,0.09,14,45,11,44.86,2.94451,,,,
900,0.16,0.1,6,0.01,4,6.9,0.397344,,,,
901,0.16,0.1,8,0.01,10,27.37,0.939763,,,,
902,0.16,0.1,10,0.01,8,30.16,2.68559,,,,
903,0.16,0.1,12,0.01,9,40.51,2.71571,,,,
904,0.16,0.1,14,0.01,8,39.99,5.54341,,,,
905,0.16,0.1,6,5,4,6.87,0.408887,,,,
906,0.16,0.1,8,5,9,24.95,1.4113,,,,
907,0.16,0.1,10,5,6,31.83,2.26981,,,,
908,0.16,0.1,12,5,7,40.96,2.63885,,,,
909,0.16,0.1,14,5,10,43.7,4.5421,,,,
910,0.16,0.1,6,10,3,4.44,0.304112,,,,
911,0.16,0.1,8,10,9,24.42,1.25393,,,,
912,0.16,0.1,10,10,6,36.81,1.97282,,,,
913,0.16,0.1,12,10,10,38.48,2.36757,,,,
914,0.16,0.1,14,10,12,46.56,3.10757,,,,
915,0.16,0.1,6,15,3,4.44,0.290402,,,,
916,0.16,0.1,8,15,8,25.97,1.83511,,,,
917,0.16,0.1,10,15,8,35.29,2.39647,,,,
918,0.16,0.1,12,15,11,37.86,2.57679,,,,
919,0.16,0.1,14,15,7,45.26,3.77099,,,,
920,0.16,0.1,6,20,3,3.93,0.286324,,,,
921,0.16,0.1,8,20,8,26.37,1.48568,,,,
922,0.16,0.1,10,20,9,30.09,1.90912,,,,
923,0.16,0.1,12,20,6,38.03,2.95412,,,,
924,0.16,0.1,14,20,9,45.73,5.69363,,,,
925,0.16,0.1,6,25,3,3.96,0.313295,,,,
926,0.16,0.1,8,25,8,28,1.98228,,,,
927,0.16,0.1,10,25,10,33.2,1.79928,,,,
928,0.16,0.1,12,25,8,38.55,2.37974,,,,
929,0.16,0.1,14,25,7,43.99,3.59256,,,,
930,0.16,0.1,6,30,5,9.36,0.369501,,,,
931,0.16,0.1,8,30,7,19.95,1.45163,,,,
932,0.16,0.1,10,30,10,36.73,2.10729,,,,
933,0.16,0.1,12,30,5,37.51,2.42938,,,,
934,0.16,0.1,14,30,6,46.82,2.89737,,,,
935,0.16,0.1,6,35,4,7.39,0.406231,,,,
936,0.16,0.1,8,35,9,26.96,1.16346,,,,
937,0.16,0.1,10,35,5,20.55,2.80335,,,,
938,0.16,0.1,12,35,5,23.65,2.84453,,,,
939,0.16,0.1,14,35,6,43.6,3.03834,,,,
940,0.16,0.1,6,40,4,6.92,0.387949,,,,
941,0.16,0.1,8,40,8,27.9,1.99345,,,,
942,0.16,0.1,10,40,10,34.22,2.27219,,,,
943,0.16,0.1,12,40,9,42.45,3.73765,,,,
944,0.16,0.1,14,40,10,43.11,3.91432,,,,
945,0.16,0.1,6,45,4,7.37,0.37992,,,,
946,0.16,0.1,8,45,7,23.98,2.10936,,,,
947,0.16,0.1,10,45,10,36.29,2.38094,,,,
948,0.16,0.1,12,45,11,43.26,2.8967,,,,
949,0.16,0.1,14,45,7,39.89,4.32168,,,,
950,0.16,0.15,6,0.01,0,0,0,,,,
951,0.16,0.15,8,0.01,7,21.38,1.2206,,,,
952,0.16,0.15,10,0.01,9,32.02,1.64391,,,,
953,0.16,0.15,12,0.01,5,37.96,3.2155,,,,
954,0.16,0.15,14,0.01,6,21.95,2.85398,,,,
955,0.16,0.15,6,5,0,0,0,,,,
956,0.16,0.15,8,5,6,16.4,1.33681,,,,
957,0.16,0.15,10,5,8,35.64,1.96487,,,,
958,0.16,0.15,12,5,10,39.22,2.14219,,,,
959,0.16,0.15,14,5,6,42.59,3.2088,,,,
960,0.16,0.15,6,10,0,0,0,,,,
961,0.16,0.15,8,10,8,23.78,1.05143,,,,
962,0.16,0.15,10,10,9,31.2,2.40114,,,,
963,0.16,0.15,12,10,9,39.78,2.87318,,,,
964,0.16,0.15,14,10,8,43.89,3.41872,,,,
965,0.16,0.15,6,15,0,0,0,,,,
966,0.16,0.15,8,15,8,20.34,0.969102,,,,
967,0.16,0.15,10,15,8,34.8,2.52461,,,,
968,0.16,0.15,12,15,10,37.94,2.29581,,,,
969,0.16,0.15,14,15,4,23.74,6.19484,,,,
970,0.16,0.15,6,20,0,0,0,,,,
971,0.16,0.15,8,20,6,16.45,1.43883,,,,
972,0.16,0.15,10,20,7,35.26,2.25074,,,,
973,0.16,0.15,12,20,6,37.88,2.97569,,,,
974,0.16,0.15,14,20,5,42.55,3.11004,,,,
975,0.16,0.15,6,25,0,0,0,,,,
976,0.16,0.15,8,25,6,16.44,1.45857,,,,
977,0.16,0.15,10,25,9,34.13,1.94288,,,,
978,0.16,0.15,12,25,6,40.8,2.57421,,,,
979,0.16,0.15,14,25,10,46.37,4.47614,,,,
980,0.16,0.15,6,30,0,0,0,,,,
981,0.16,0.15,8,30,6,16.44,1.55212,,,,
982,0.16,0.15,10,30,6,31.75,2.43802,,,,
983,0.16,0.15,12,30,8,38.68,2.8269,,,,
984,0.16,0.15,14,30,4,20.01,3.08174,,,,
985,0.16,0.15,6,35,0,0,0,,,,
986,0.16,0.15,8,35,6,16.43,1.42412,,,,
987,0.16,0.15,10,35,10,33.62,2.19339,,,,
988,0.16,0.15,12,35,6,25.13,2.86401,,,,
989,0.16,0.15,14,35,7,42.06,2.72944,,,,
990,0.16,0.15,6,40,0,0,0,,,,
991,0.16,0.15,8,40,7,17.35,0.899834,,,,
992,0.16,0.15,10,40,9,32.67,1.61927,,,,
993,0.16,0.15,12,40,10,40.85,2.89681,,,,
994,0.16,0.15,14,40,7,39.3,5.11736,,,,
995,0.16,0.15,6,45,0,0,0,,,,
996,0.16,0.15,8,45,6,15.93,1.39826,,,,
997,0.16,0.15,10,45,10,33.4,1.62766,,,,
998,0.16,0.15,12,45,10,39.26,2.35329,,,,
999,0.16,0.15,14,45,7,42.57,3.50222,,,,
1000,0.18,0.07,6,0.01,5,8.89,0.358352,,,,
1001,0.18,0.07,8,0.01,8,26.45,1.75736,,,,
1002,0.18,0.07,10,0.01,6,34.83,2.48928,,,,
1003,0.18,0.07,12,0.01,7,41.97,4.6059,,,,
1004,0.18,0.07,14,0.01,9,39.98,4.74145,,,,
1005,0.18,0.07,6,5,4,6.44,0.31681,,,,
1006,0.18,0.07,8,5,7,21.98,2.03823,,,,
1007,0.18,0.07,10,5,7,37.28,2.35707,,,,
1008,0.18,0.07,12,5,10,38.44,3.90591,,,,
1009,0.18,0.07,14,5,6,41.44,3.63483,,,,
1010,0.18,0.07,6,10,4,6.44,0.347813,,,,
1011,0.18,0.07,8,10,6,23.01,1.77663,,,,
1012,0.18,0.07,10,10,6,35.85,2.66842,,,,
1013,0.18,0.07,12,10,10,39.46,2.69192,,,,
1014,0.18,0.07,14,10,9,44.09,3.41859,,,,
1015,0.18,0.07,6,15,4,6.43,0.366462,,,,
1016,0.18,0.07,8,15,9,27.45,2.0608,,,,
1017,0.18,0.07,10,15,6,20.96,2.29996,,,,
1018,0.18,0.07,12,15,6,38.07,2.65115,,,,
1019,0.18,0.07,14,15,9,44.96,3.07443,,,,
1020,0.18,0.07,6,20,5,8.89,0.357268,,,,
1021,0.18,0.07,8,20,7,17.99,1.68497,,,,
1022,0.18,0.07,10,20,6,34.85,2.72832,,,,
1023,0.18,0.07,12,20,9,39.29,2.89745,,,,
1024,0.18,0.07,14,20,6,46.8,5.99935,,,,
1025,0.18,0.07,6,25,5,9.35,0.394622,,,,
1026,0.18,0.07,8,25,7,23.04,1.94731,,,,
1027,0.18,0.07,10,25,6,35.77,2.42324,,,,
1028,0.18,0.07,12,25,10,35.78,3.63831,,,,
1029,0.18,0.07,14,25,8,41.48,3.72939,,,,
1030,0.18,0.07,6,30,4,6.43,0.334061,,,,
1031,0.18,0.07,8,30,8,28.5,2.20137,,,,
1032,0.18,0.07,10,30,9,33.25,2.05067,,,,
1033,0.18,0.07,12,30,10,38.08,2.98866,,,,
1034,0.18,0.07,14,30,7,46.85,2.43132,,,,
1035,0.18,0.07,6,35,5,8.91,0.384064,,,,
1036,0.18,0.07,8,35,9,26.36,0.938426,,,,
1037,0.18,0.07,10,35,9,36.8,1.97863,,,,
1038,0.18,0.07,12,35,4,19.58,2.6105,,,,
1039,0.18,0.07,14,35,7,44.15,3.32731,,,,
1040,0.18,0.07,6,40,5,9.35,0.426066,,,,
1041,0.18,0.07,8,40,8,27.45,2.17597,,,,
1042,0.18,0.07,10,40,9,36.84,2.12265,,,,
1043,0.18,0.07,12,40,6,39.14,2.60102,,,,
1044,0.18,0.07,14,40,9,42.54,2.37373,,,,
1045,0.18,0.07,6,45,4,6.45,0.363021,,,,
1046,0.18,0.07,8,45,7,20.93,1.58671,,,,
1047,0.18,0.07,10,45,9,35.26,2.46245,,,,
1048,0.18,0.07,12,45,7,41.6,2.85688,,,,
1049,0.18,0.07,14,45,9,44.81,5.32985,,,,
1050,0.18,0.08,6,0.01,2,1.97,0.246217,,,,
1051,0.18,0.08,8,0.01,10,25.84,1.11146,,,,
1052,0.18,0.08,10,0.01,6,35.16,2.50713,,,,
1053,0.18,0.08,12,0.01,10,40.92,3.81947,,,,
1054,0.18,0.08,14,0.01,9,41.57,3.00905,,,,
1055,0.18,0.08,6,5,4,6.93,0.384302,,,,
1056,0.18,0.08,8,5,8,26.91,1.84349,,,,
1057,0.18,0.08,10,5,9,31.33,1.93047,,,,
1058,0.18,0.08,12,5,7,41.09,2.99397,,,,
1059,0.18,0.08,14,5,5,23.52,3.27542,,,,
1060,0.18,0.08,6,10,2,1.97,0.266919,,,,
1061,0.18,0.08,8,10,6,17.97,1.27915,,,,
1062,0.18,0.08,10,10,5,19.96,2.0549,,,,
1063,0.18,0.08,12,10,7,43.57,2.33702,,,,
1064,0.18,0.08,14,10,6,44.06,3.68634,,,,
1065,0.18,0.08,6,15,4,6.41,0.364332,,,,
1066,0.18,0.08,8,15,8,26.9,1.77792,,,,
1067,0.18,0.08,10,15,6,35.86,2.63184,,,,
1068,0.18,0.08,12,15,8,38,3.05387,,,,
1069,0.18,0.08,14,15,13,48.14,3.29538,,,,
1070,0.18,0.08,6,20,2,1.96,0.239892,,,,
1071,0.18,0.08,8,20,8,23.97,2.03797,,,,
1072,0.18,0.08,10,20,6,34.34,2.68238,,,,
1073,0.18,0.08,12,20,6,42,2.64462,,,,
1074,0.18,0.08,14,20,11,46.02,3.15116,,,,
1075,0.18,0.08,6,25,5,9.38,0.3898,,,,
1076,0.18,0.08,8,25,8,22.41,1.59616,,,,
1077,0.18,0.08,10,25,5,32.27,2.60829,,,,
1078,0.18,0.08,12,25,6,27.05,2.3855,,,,
1079,0.18,0.08,14,25,6,40.04,3.49145,,,,
1080,0.18,0.08,6,30,4,6.94,0.356001,,,,
1081,0.18,0.08,8,30,7,18.99,2.08979,,,,
1082,0.18,0.08,10,30,10,35.24,2.9184,,,,
1083,0.18,0.08,12,30,11,42,2.7816,,,,
1084,0.18,0.08,14,30,4,21.53,3.37246,,,,
1085,0.18,0.08,6,35,4,6.43,0.321203,,,,
1086,0.18,0.08,8,35,9,25.44,1.67956,,,,
1087,0.18,0.08,10,35,10,34.75,2.69956,,,,
1088,0.18,0.08,12,35,6,26.57,3.25987,,,,
1089,0.18,0.08,14,35,8,44.03,5.36295,,,,
1090,0.18,0.08,6,40,4,6.44,0.387148,,,,
1091,0.18,0.08,8,40,8,26.91,1.81927,,,,
1092,0.18,0.08,10,40,6,30.76,2.76711,,,,
1093,0.18,0.08,12,40,8,38.36,4.07728,,,,
1094,0.18,0.08,14,40,9,41.44,5.48296,,,,
1095,0.18,0.08,6,45,4,6.94,0.360235,,,,
1096,0.18,0.08,8,45,9,26.84,1.06312,,,,
1097,0.18,0.08,10,45,7,35.77,2.11037,,,,
1098,0.18,0.08,12,45,6,37.54,2.75763,,,,
1099,0.18,0.08,14,45,11,43.42,3.15784,,,,
1100,0.18,0.09,6,0.01,3,4.45,0.285631,,,,
1101,0.18,0.09,8,0.01,9,25.42,1.2798,,,,
1102,0.18,0.09,10,0.01,9,33.08,1.63273,,,,
1103,0.18,0.09,12,0.01,8,37.19,2.52563,,,,
1104,0.18,0.09,14,0.01,7,33.73,2.91953,,,,
1105,0.18,0.09,6,5,2,1.96,0.238832,,,,
1106,0.18,0.09,8,5,6,15.95,1.65804,,,,
1107,0.18,0.09,10,5,10,35.25,2.53242,,,,
1108,0.18,0.09,12,5,5,37.47,2.667,,,,
1109,0.18,0.09,14,5,8,40.18,2.8546,,,,
1110,0.18,0.09,6,10,0,0,0,,,,
1111,0.18,0.09,8,10,8,21.37,1.32108,,,,
1112,0.18,0.09,10,10,9,36.33,1.94438,,,,
1113,0.18,0.09,12,10,6,37.94,3.6491,,,,
1114,0.18,0.09,14,10,6,38.79,3.66281,,,,
1115,0.18,0.09,6,15,4,6.44,0.350751,,,,
1116,0.18,0.09,8,15,7,23.79,1.29294,,,,
1117,0.18,0.09,10,15,8,33.31,2.74895,,,,
1118,0.18,0.09,12,15,4,17.96,2.5492,,,,
1119,0.18,0.09,14,15,8,46.69,3.90168,,,,
1120,0.18,0.09,6,20,4,6.43,0.302751,,,,
1121,0.18,0.09,8,20,9,26.89,1.07875,,,,
1122,0.18,0.09,10,20,9,32.63,1.67892,,,,
1123,0.18,0.09,12,20,8,38.39,3.42967,,,,
1124,0.18,0.09,14,20,6,48.69,2.816,,,,
1125,0.18,0.09,6,25,0,0,0,,,,
1126,0.18,0.09,8,25,7,18.94,1.75208,,,,
1127,0.18,0.09,10,25,10,35.77,2.33227,,,,
1128,0.18,0.09,12,25,9,36.76,2.70439,,,,
1129,0.18,0.09,14,25,4,23.07,3.76942,,,,
1130,0.18,0.09,6,30,2,1.97,0.263351,,,,
1131,0.18,0.09,8,30,6,16.45,1.58944,,,,
1132,0.18,0.09,10,30,10,32.09,1.62347,,,,
1133,0.18,0.09,12,30,4,17.49,2.36701,,,,
1134,0.18,0.09,14,30,8,34.5,6.15168,,,,
1135,0.18,0.09,6,35,2,2.46,0.256178,,,,
1136,0.18,0.09,8,35,9,26.46,1.8089,,,,
1137,0.18,0.09,10,35,9,32.79,3.26593,,,,
1138,0.18,0.09,12,35,8,41.74,2.81671,,,,
1139,0.18,0.09,14,35,9,44.04,2.68532,,,,
1140,0.18,0.09,6,40,1,0,0.220724,,,,
1141,0.18,0.09,8,40,8,23.39,1.59511,,,,
1142,0.18,0.09,10,40,10,34.64,2.67395,,,,
1143,0.18,0.09,12,40,6,38.08,3.08529,,,,
1144,0.18,0.09,14,40,8,45.18,3.30888,,,,
1145,0.18,0.09,6,45,4,6.95,0.380329,,,,
1146,0.18,0.09,8,45,6,15.94,1.61798,,,,
1147,0.18,0.09,10,45,9,34.83,2.37441,,,,
1148,0.18,0.09,12,45,9,38.9,2.49933,,,,
1149,0.18,0.09,14,45,10,42.96,2.91501,,,,
1150,0.18,0.1,6,0.01,2,1.96,0.251652,,,,
1151,0.18,0.1,8,0.01,10,26.33,0.863436,,,,
1152,0.18,0.1,10,0.01,7,31.25,2.65912,,,,
1153,0.18,0.1,12,0.01,7,29.64,2.99724,,,,
1154,0.18,0.1,14,0.01,4,20.54,2.89628,,,,
1155,0.18,0.1,6,5,0,0,0,,,,
1156,0.18,0.1,8,5,7,22.83,1.34562,,,,
1157,0.18,0.1,10,5,10,34.21,2.14467,,,,
1158,0.18,0.1,12,5,7,26.12,2.66693,,,,
1159,0.18,0.1,14,5,4,20.51,2.89281,,,,
1160,0.18,0.1,6,10,0,0,0,,,,
1161,0.18,0.1,8,10,7,18.39,0.85593,,,,
1162,0.18,0.1,10,10,10,31.99,1.37909,,,,
1163,0.18,0.1,12,10,7,33.71,3.21212,,,,
1164,0.18,0.1,14,10,7,41.95,3.37358,,,,
1165,0.18,0.1,6,15,3,3.94,0.29085,,,,
1166,0.18,0.1,8,15,8,23.36,1.06659,,,,
1167,0.18,0.1,10,15,10,32.04,1.78096,,,,
1168,0.18,0.1,12,15,11,36.27,2.08257,,,,
1169,0.18,0.1,14,15,8,44.56,2.39292,,,,
1170,0.18,0.1,6,20,0,0,0,,,,
1171,0.18,0.1,8,20,9,24.39,1.21187,,,,
1172,0.18,0.1,10,20,6,32.27,2.65687,,,,
1173,0.18,0.1,12,20,8,42.97,4.4476,,,,
1174,0.18,0.1,14,20,4,27.17,2.79956,,,,
1175,0.18,0.1,6,25,2,1.97,0.265661,,,,
1176,0.18,0.1,8,25,8,24.01,1.90069,,,,
1177,0.18,0.1,10,25,9,31.49,1.98493,,,,
1178,0.18,0.1,12,25,7,36.23,3.69564,,,,
1179,0.18,0.1,14,25,8,43.46,2.63574,,,,
1180,0.18,0.1,6,30,2,1.96,0.233714,,,,
1181,0.18,0.1,8,30,8,23.47,1.951,,,,
1182,0.18,0.1,10,30,7,33.75,1.82595,,,,
1183,0.18,0.1,12,30,8,38.44,2.82627,,,,
1184,0.18,0.1,14,30,8,36.25,2.79213,,,,
1185,0.18,0.1,6,35,1,0,0.244622,,,,
1186,0.18,0.1,8,35,8,21.91,1.50338,,,,
1187,0.18,0.1,10,35,6,34.19,1.81195,,,,
1188,0.18,0.1,12,35,4,17.51,2.37151,,,,
1189,0.18,0.1,14,35,11,45.53,3.04795,,,,
1190,0.18,0.1,6,40,2,2.45,0.257156,,,,
1191,0.18,0.1,8,40,7,22.87,1.26785,,,,
1192,0.18,0.1,10,40,7,30.76,2.40561,,,,
1193,0.18,0.1,12,40,10,38.72,1.97202,,,,
1194,0.18,0.1,14,40,9,41.99,2.83247,,,,
1195,0.18,0.1,6,45,0,0,0,,,,
1196,0.18,0.1,8,45,9,25.91,1.57512,,,,
1197,0.18,0.1,10,45,7,35.32,2.52875,,,,
1198,0.18,0.1,12,45,10,39.98,2.06082,,,,
1199,0.18,0.1,14,45,6,46.18,4.68579,,,,
1200,0.18,0.15,6,0.01,0,0,0,,,,
1201,0.18,0.15,8,0.01,6,15.93,1.34581,,,,
1202,0.18,0.15,10,0.01,7,32.16,2.11686,,,,
1203,0.18,0.15,12,0.01,5,39.38,3.07141,,,,
1204,0.18,0.15,14,0.01,7,43.98,3.46273,,,,
1205,0.18,0.15,6,5,0,0,0,,,,
1206,0.18,0.15,8,5,5,11.93,0.930072,,,,
1207,0.18,0.15,10,5,10,34.05,2.25007,,,,
1208,0.18,0.15,12,5,8,40.2,3.38433,,,,
1209,0.18,0.15,14,5,6,42.46,3.03984,,,,
1210,0.18,0.15,6,10,0,0,0,,,,
1211,0.18,0.15,8,10,6,14.36,0.652071,,,,
1212,0.18,0.15,10,10,9,32.9,1.57481,,,,
1213,0.18,0.15,12,10,7,33.12,2.58226,,,,
1214,0.18,0.15,14,10,5,26.08,3.17865,,,,
1215,0.18,0.15,6,15,0,0,0,,,,
1216,0.18,0.15,8,15,6,15.9,1.25877,,,,
1217,0.18,0.15,10,15,7,32.15,2.40334,,,,
1218,0.18,0.15,12,15,7,40.71,2.34599,,,,
1219,0.18,0.15,14,15,5,26.63,3.24535,,,,
1220,0.18,0.15,6,20,0,0,0,,,,
1221,0.18,0.15,8,20,5,12.9,0.928146,,,,
1222,0.18,0.15,10,20,9,31.42,1.98501,,,,
1223,0.18,0.15,12,20,8,39.77,3.31292,,,,
1224,0.18,0.15,14,20,8,40.72,3.54532,,,,
1225,0.18,0.15,6,25,0,0,0,,,,
1226,0.18,0.15,8,25,6,14.4,0.831699,,,,
1227,0.18,0.15,10,25,6,28.61,2.4491,,,,
1228,0.18,0.15,12,25,8,40.21,2.21936,,,,
1229,0.18,0.15,14,25,4,17.99,2.94404,,,,
1230,0.18,0.15,6,30,0,0,0,,,,
1231,0.18,0.15,8,30,6,13.87,0.69991,,,,
1232,0.18,0.15,10,30,9,34.1,2.3849,,,,
1233,0.18,0.15,12,30,9,41.37,2.43035,,,,
1234,0.18,0.15,14,30,9,35.24,2.76906,,,,
1235,0.18,0.15,6,35,0,0,0,,,,
1236,0.18,0.15,8,35,6,15.37,0.853,,,,
1237,0.18,0.15,10,35,6,24.09,2.32971,,,,
1238,0.18,0.15,12,35,8,40.25,2.79638,,,,
1239,0.18,0.15,14,35,7,45.53,4.83494,,,,
1240,0.18,0.15,6,40,0,0,0,,,,
1241,0.18,0.15,8,40,6,14.38,0.686831,,,,
1242,0.18,0.15,10,40,9,31.6,2.19352,,,,
1243,0.18,0.15,12,40,9,40.09,2.47054,,,,
1244,0.18,0.15,14,40,8,41.39,3.68195,,,,
1245,0.18,0.15,6,45,0,0,0,,,,
1246,0.18,0.15,8,45,6,14.88,0.698715,,,,
1247,0.18,0.15,10,45,9,33.61,2.4972,,,,
1248,0.18,0.15,12,45,7,32.1,3.11496,,,,
1249,0.18,0.15,14,45,10,43.37,2.63529,,,,
